Workbook

Sheet Data
A1: City of Biloxi Redevelopment Survey
A2: Source: Adapted from data collected by Dr. Christopher Burton, Auburn University Department of Geosciences
A3: Neighborhood | B3: Lot Number | C3: Rebuilt (1) or Vacant (0)
A4: East Biloxi | B4: 1 | C4: 1
A5: East Biloxi | B5: 2 | C5: 1
A6: East Biloxi | B6: 3 | C6: 0
A7: East Biloxi | B7: 4 | C7: 1
A8: East Biloxi | B8: 5 | C8: 1
A9: East Biloxi | B9: 6 | C9: 0
A10: East Biloxi | B10: 7 | C10: 1
A11: East Biloxi | B11: 8 | C11: 0
A12: East Biloxi | B12: 9 | C12: 1
A13: East Biloxi | B13: 10 | C13: 0
A14: East Biloxi | B14: 11 | C14: 1
A15: East Biloxi | B15: 12 | C15: 1
... A93: North Biloxi | B93: 30 | C93: 1

Sheet CI Calculations
A1: 95% Confidence Intervals for the Proportion of Rebuilt Lots
A2: Confidence level | B2: 0.95
A3: Critical value z* = NORM.S.INV(1-(1-CL)/2) | B3: =_xlfn.NORM.S.INV(1-(1-B2)/2)
A5: Neighborhood | B5: n = COUNTIF | C5: x (rebuilt) = SUMIF | D5: p̂ = x/n | E5: SE = SQRT(p̂(1-p̂)/n) | F5: Margin of error = z*·SE | G5: Lower bound = p̂ - ME | H5: Upper bound = p̂ + ME | I5: Reported upper bound = MIN(1, UB) | J5: n·p̂ | K5: n·(1-p̂)
A6: East Biloxi | B6: =COUNTIF(Data!$A$4:$A$93,A6) | C6: =SUMIF(Data!$A$4:$A$93,A6,Data!$C$4:$C$93) | D6: =C6/B6 | E6: =SQRT(D6*(1-D6)/B6) | F6: =$B$3*E6 | G6: =D6-F6 | H6: =D6+F6 | I6: =MIN(1,H6) | J6: =B6*D6 | K6: =B6*(1-D6)
A7: West Biloxi | B7: =COUNTIF(Data!$A$4:$A$93,A7) | C7: =SUMIF(Data!$A$4:$A$93,A7,Data!$C$4:$C$93) | D7: =C7/B7 | E7: =SQRT(D7*(1-D7)/B7) | F7: =$B$3*E7 | G7: =D7-F7 | H7: =D7+F7 | I7: =MIN(1,H7) | J7: =B7*D7 | K7: =B7*(1-D7)
A8: North Biloxi | B8: =COUNTIF(Data!$A$4:$A$93,A8) | C8: =SUMIF(Data!$A$4:$A$93,A8,Data!$C$4:$C$93) | D8: =C8/B8 | E8: =SQRT(D8*(1-D8)/B8) | F8: =$B$3*E8 | G8: =D8-F8 | H8: =D8+F8 | I8: =MIN(1,H8) | J8: =B8*D8 | K8: =B8*(1-D8)
A10: Note: North Biloxi upper bound exceeds 1 and is reported as 1.000; n(1-p̂) = 1 < 5, so the normal approximation is weak for North Biloxi.
